star_id,label,catalog_period,recovered_period,period_error,relative_error,recovered_epoch,recovered_depth,recovered_duration,bls_power
231663901,confirmed_planet,1.43036994965074,1.4299268061868398,0.00044314346390028625,0.0003098103843753783,1326.0118471613703,0.013940363482494845,0.063,0.001388200425680298
149603524,confirmed_planet,4.411937227697335,4.412547809956599,0.0006105822592639143,0.0001383932335734041,1326.07607805538,0.010062396592040428,0.14300000000000002,8.783274379192468e-05
336732616,confirmed_planet,3.547854,3.549893807000856,0.00203980700085582,0.000574941077297944,1327.2449904759198,0.008152696347695354,0.117,0.00021019818574974673
231670397,confirmed_planet,4.0872956,4.089057091221935,0.0017614912219352519,0.00043096741570031096,1327.6706960216864,0.002466687802421758,0.197,9.6889721045766e-06
144065872,confirmed_planet,2.1846669193825514,2.1855894148989856,0.0009224955164341964,0.0004222591133914911,1326.5012915348225,0.009761959682099268,0.09,9.205200338094347e-05
38846515,confirmed_planet,2.849382725978083,2.8494798489049558,9.712292687291679e-05,3.4085602466610816e-05,1329.5938299362524,0.0055083506440150995,0.14300000000000002,6.0225033068884376e-05
92352620,confirmed_planet,3.9502008,3.9481714295411745,0.0020293704588256745,0.0005137385569932735,1328.3043118785179,0.008778189169811285,0.17,5.1618957415181904e-05
289793076,confirmed_planet,3.0440494555695627,3.0426615421047103,0.0013879134648524527,0.000455943139265707,1328.0894090955562,0.018102000392305584,0.09,0.0018717434207017936
29344935,confirmed_planet,2.76676000983202,2.768049033766095,0.0012890239340745957,0.00046589654668055465,1326.1224696562035,0.011788473367282644,0.09,0.000801452345735402
281459670,confirmed_planet,3.17435042404771,3.176880801094197,0.0025303770464870645,0.0007971322344621627,1328.0327646992898,0.01138318989370601,0.09,0.0002324049763101542
355703913,confirmed_planet,2.10615687963452,2.105629558702369,0.0005273209321510208,0.0002503711557529022,1326.1073839951925,0.009561861110191099,0.037,0.00032643262726007996
388104525,confirmed_planet,2.49979959810286,2.497980121602772,0.0018194765000880686,0.0007278489449589879,1327.417676019273,0.012091949610305294,0.09,0.0006916445271139885
97409519,confirmed_planet,3.372877,3.369864809559801,0.0030121904401987365,0.0008930626406473573,1327.065901855277,0.012245928925301849,0.09,0.0005345642594334728
25155310,confirmed_planet,3.28878982693448,3.2914800975131415,0.0026902705786615577,0.0008180123146297831,1327.5121258808235,0.005449676443069356,0.117,6.250817889780265e-05
281541555,confirmed_planet,4.74237090118084,4.748504326837973,0.006133425657132818,0.0012933247493580918,1329.8878062799265,0.008897114231110836,0.09,8.28585654946691e-05
238176110,confirmed_planet,2.79858018416552,2.799774854258631,0.0011946700931111387,0.00042688435366998966,1326.6846860838377,0.012491012495731464,0.09,0.0003408230140557877
322307342,confirmed_planet,3.58629619986471,3.5824646231365946,0.0038315767281154045,0.001068393828780776,2063.6686781290405,0.0007038786266710419,0.117,2.023877499589115e-06
266980320,confirmed_planet,6.034463389519887,6.041370871185479,0.0069074816655918525,0.0011446720643940181,1329.1910103986756,0.0014539844316340425,0.063,3.5547022997259216e-07
394137592,confirmed_planet,11.535076,11.488875150753126,0.0462008492468744,0.004005248794795491,1332.100632031225,0.0011848810612410745,0.25,8.714900145320054e-08
231702397,confirmed_planet,5.07803253491997,5.076368033983777,0.0016645009361928587,0.0003277846143652349,1329.123412336962,0.005644969667162527,0.037,5.099586978791622e-05
290131778,confirmed_planet,3.3088922,3.303716049690307,0.005176150309692762,0.0015643151837018935,1325.399849411749,0.002420044863271246,0.197,1.722185271220277e-06
52368076,confirmed_planet,4.6517186,4.649793448293639,0.0019251517063603174,0.00041385816123105934,1327.4434460958507,0.0007604336939202003,0.117,6.41947628752492e-07
70440470,confirmed_planet,3.0354016524572702,3.0368015253404828,0.0013998728832125273,0.0004611820916942831,1326.726549926171,0.013339383879614478,0.09,0.0007876821835201916
234523599,confirmed_planet,3.79551778380905,3.7976180168740084,0.0021002330649584344,0.0005533455998856402,1325.6448097763848,0.04411927625487758,0.063,0.010469119580800655
391949880,confirmed_planet,4.9404714,4.94777970687497,0.007308306874969972,0.001479273187366285,1328.105048462785,0.00028963899510538285,0.09,1.075493336895835e-08
201248411,confirmed_planet,0.980972,0.9812556062582137,0.0002836062582137755,0.0002891073937011204,1326.1006403022604,0.003520763287833431,0.037,1.3457642923818483e-05
263003176,confirmed_planet,14.3392144225603,14.370339782087413,0.03112535952711326,0.002170646076548157,1336.5533900841115,0.00030094278184002366,0.14300000000000002,4.3151237103813986e-09
89020549,confirmed_planet,2.1096804606002526,2.108456420006971,0.0012240405932817389,0.0005802018913013354,1326.910412525732,0.0009714488850704928,0.09,2.326620989869457e-06
234994474,confirmed_planet,1.40151826016575,1.4014546192087678,6.364095698230265e-05,4.5408582100654316e-05,1326.0318661915242,0.0005597582042306619,0.037,1.5039646466841337e-07
267263253,confirmed_planet,4.1269046,4.131987556836624,0.005082956836624852,0.0012316632753334915,1325.7682228367714,0.006837092173131902,0.17,3.9416856476602026e-05
410153553,confirmed_planet,0.4629303673466454,0.9257907432156421,0.46286037586899675,0.999848807763358,1325.725138379482,0.004790033336669405,0.01,3.2794605505061555e-05
62483237,confirmed_planet,11.0708575296637,14.352615445845212,3.281757916181512,0.29643213340865765,1334.8956860906537,0.0013629341178498374,0.09,1.8475762960551595e-07
403224672,confirmed_planet,1.0082361,1.00801690922515,0.0002191907748498867,0.00021740024469455785,1325.5372118893356,0.00020090857971088874,0.063,1.0327482997930097e-08
25375553,confirmed_planet,2.31096889835692,2.311953092988941,0.0009841946320210404,0.0004258796527814783,1325.5766169233189,0.005340996698610801,0.117,3.6118838491539e-05
261136679,confirmed_planet,6.267832,6.26347142888517,0.004360571114830236,0.000695706444402185,1325.5144604950603,0.000224167750728227,0.117,6.128955475641439e-10
393940766,confirmed_planet,4.8670758049795095,8.89865436035561,4.031578555376101,0.8283369145907672,2062.31435122104,0.0034474701780003347,0.01,1.2852734985426961e-06
271893367,confirmed_planet,5.85740753759727,5.871138974032612,0.013731436435342026,0.0023442856497867502,1548.8410134328717,0.004062309383237485,0.197,3.631394153159152e-05
140691463,confirmed_planet,2.08454341779798,2.084277123424749,0.0002662943732310019,0.0001277470984568427,1545.4256009836715,0.010061183301143098,0.063,0.0004074021933058035
394657039,confirmed_planet,3.7628372,3.7654807999937594,0.0026435999937595156,0.000702554974676958,1655.9934911472355,0.008363362965744726,0.14300000000000002,0.00012458752734072117
179317684,confirmed_planet,4.2311172621589,4.223480855254521,0.007636406904379278,0.0018048204365961843,1544.691207894508,0.005132348401898494,0.14300000000000002,4.667653518860336e-05
183120439,confirmed_planet,2.25544592236528,2.257008490168946,0.0015625678036657042,0.0006927977249071188,1654.4738684455685,0.0035578785507277364,0.063,3.688322110284946e-05
29857954,confirmed_planet,9.47686,9.483183445598197,0.006323445598196642,0.0006672511357344777,2066.043604734673,0.001049773851871794,0.037,2.187089980875415e-07
425997655,confirmed_planet,17.667173473428804,15.035263363127692,2.6319101103011118,0.14897177040002862,1340.2895848366227,0.0005857411941266074,0.09,1.6574808163912707e-08
307210830,confirmed_planet,3.690675857802184,3.685826267838718,0.004849589963466183,0.0013140113492259215,1356.2209113410242,0.0011406193242759302,0.063,4.826842015359218e-07
262530407,confirmed_planet,2.8531016,2.8540915877705375,0.0009899877705374927,0.00034698651128915026,1356.1481797540687,0.0013381407239313739,0.037,4.815057285223328e-07
251848941,confirmed_planet,6.5578513,6.550144416059109,0.0077068839408909184,0.0011752148056316735,1360.250848080591,0.0010533232881712294,0.09,7.176380668591415e-07
207141131,confirmed_planet,4.137440333354324,4.134403557572701,0.0030367757816236463,0.000733974519739275,1354.5976567080459,0.0009320065810649092,0.063,1.1864069146646151e-07
76923707,confirmed_planet,4.532050172920823,4.53533640647087,0.0032862335500469797,0.000725109701936301,1358.1132857030586,0.005731767558030996,0.09,2.8014719999800655e-05
100100827,confirmed_planet,0.9414525,0.941597339105371,0.00014483910537099742,0.00015384642918362575,1354.4555072617193,0.008724240464997172,0.09,9.733774304290246e-05
279741379,confirmed_planet,35.61338894967539,11.742530162291327,23.870858787384062,0.6702776537530737,1326.822263462542,0.0007095241725621532,0.117,1.3268127350340866e-08
166739520,confirmed_planet,10.020593207375375,9.990430906235297,0.030162301140078895,0.0030100314937322055,1357.6006759055697,0.005058640493658025,0.17,9.009535224833429e-06
183532609,confirmed_planet,8.1587261,8.152431094500969,0.006295005499032058,0.0007715672056979652,1358.9245326300754,0.008596620230192642,0.14300000000000002,2.1344953249181746e-05
183537452,confirmed_planet,3.922711331243955,3.919725738753887,0.002985592490067912,0.0007611043071887557,1356.4229154222455,0.008794913598071118,0.09,6.441803654013048e-05
183985250,confirmed_planet,0.7920645022021054,0.7921580432279584,9.354102585290569e-05,0.00011809773773833068,1354.2114817710628,0.0010950575840699781,0.037,9.581535124910683e-07
211438925,confirmed_planet,4.8996461,4.903452402293641,0.003806302293640762,0.000776852494232341,1356.5575676166961,0.0074865607862245435,0.117,6.1076405827929e-05
230982885,confirmed_planet,2.0727598,2.073993825689309,0.0012340256893090817,0.0005953539282791386,1355.4831293993602,0.010829838808660543,0.09,0.00016660153066882198
441462736,confirmed_planet,14.28117312608152,14.27077862140807,0.01039450467344949,0.0007278466959038639,1357.016598496223,0.0004367924237451404,0.25,1.5046249175111774e-08
12421862,confirmed_planet,10.21520251255381,10.19712442511772,0.018078087436091295,0.0017697238418792496,1356.3836417625462,0.0009215402313401327,0.063,2.221501729255878e-07
309792357,confirmed_planet,104.87242523178372,0.5008053130200827,104.37161991876364,0.9952246235184012,1325.4149633076786,7.469601716129077e-05,0.223,8.025335947545145e-08
410214986,confirmed_planet,8.13822217724381,1.427225413799112,6.710996763444697,0.8246268800832279,1325.8368048926586,0.0016934819584762827,0.25,2.2205409590549544e-06
350618622,confirmed_planet,52.97873920258801,0.6862807143586093,52.2924584882294,0.987046110860919,1325.6623211055244,4.3053807746701756e-05,0.197,5.8658196526923304e-09
55650590,confirmed_planet,0.736313219931196,0.73562868934102,0.0006845305901760357,0.0009296730951537186,1327.7694564594099,0.0010420591230943749,0.037,8.22888932408156e-06
55652896,confirmed_planet,34.5059318313029,8.713225918989881,25.79270591231302,0.7474861434958999,1331.2959969442932,0.010786867525086263,0.17,8.662587752063141e-05
150098860,confirmed_planet,10.695306511724072,10.697619632986221,0.0023131212621496644,0.00021627442463795194,1335.8932907108172,0.0006263418117494928,0.09,7.37094447948456e-08
77044471,confirmed_planet,2.68650638568274,2.6858909735436884,0.0006154121390515854,0.00022907525637434382,1356.1042219754966,0.010256956075174378,0.09,0.0007051983627028715
120610833,confirmed_planet,3.126075095855992,3.1275846616884224,0.0015095658324302264,0.0004828949357075096,1354.7672834961645,0.007370319287753725,0.063,0.00010922494928764758
204376737,confirmed_planet,3.36100125300996,3.358814779151597,0.002186473858362792,0.0006505424109570579,1357.4027224520455,0.018366942287787087,0.09,0.0007642371006022953
402026209,confirmed_planet,1.33823135800679,1.3385474622578046,0.00031610425101469275,0.0002362104647476725,1355.1824457447117,0.02381969228792315,0.063,0.003308928314210275
305048087,confirmed_planet,5.436166729046963,5.437938096641878,0.0017713675949151408,0.0003258486509345321,1355.237920509207,0.005150185085533108,0.037,4.675251631154437e-05
9006668,confirmed_planet,1.2730965,1.2727248919130263,0.0003716080869737848,0.0002918931023483175,1354.671256470931,0.0003337229013645988,0.063,1.7458259154325807e-07
9725627,confirmed_planet,4.15678335726899,4.157049274147276,0.00026591687828592114,6.397179151059456e-05,1356.9609684188647,0.0035230163401144396,0.14300000000000002,2.4507485510837948e-05
77031414,confirmed_planet,1.38665190413455,1.3867131060432016,6.120190865166464e-05,4.413646169538312e-05,1355.195223719816,0.011003673280845746,0.09,0.00037117223831462364
118327550,confirmed_planet,7.397215983556253,7.38809410774384,0.009121875812413194,0.00123314985430881,1357.379013000042,0.0008254236112481129,0.037,1.8818433754516408e-07
158623531,confirmed_planet,7.8728936787037,7.8932849045901206,0.020391225886420727,0.0025900547776453926,1355.7048416149457,0.00999139061195763,0.117,0.00015966100096629696
160148385,confirmed_planet,3.42525631340766,3.4278609962643936,0.0026046828567336533,0.0007604344371362829,1354.31046169618,0.010119979903066272,0.09,0.0003587459432738299
184240683,confirmed_planet,1.62842883309799,1.628795811265345,0.000366978167354981,0.00022535720314950864,1355.5048073948803,0.01090045311894591,0.09,0.0006569852020768699
224225541,confirmed_planet,4.93772273227235,14.740835912342126,9.803113180069776,1.9853510842149622,1368.627060783786,0.004895251354403455,0.063,1.0731925076304015e-06
204317710,confirmed_planet,2.81264847067326,2.8118658773788234,0.0007825932944367509,0.0002782407053695631,1355.9857955231494,0.012198118397034741,0.09,0.0011965326536303564
92226327,confirmed_planet,24.73734116,14.501584951130763,10.235756208869237,0.413777541517693,1399.930965292972,0.005366396902933869,0.063,6.2236004882858474e-06
200723869,confirmed_planet,18.3877080853847,11.000182075210773,7.387526010173925,0.4017643730186163,1393.1474693705404,0.0004057745945965816,0.25,9.793661210682183e-09
12862099,confirmed_planet,2.42382258353343,2.4209399588756586,0.0028826246577713377,0.001189288637441883,1386.5916249539355,0.010938832057081642,0.09,0.00048520783140079514
37749396,confirmed_planet,13.475847841798752,0.5067788847553749,12.969068957043376,0.9623935435673685,1386.0781606217274,6.931608947025354e-05,0.223,1.579932183087434e-08
63898957,confirmed_planet,3.3639253966859,3.3605458404426183,0.0033795562432819004,0.0010046466091701675,1387.2865719637837,0.00032190670247396214,0.117,4.619511977631243e-08
70513361,confirmed_planet,11.1452784382067,11.1477984832819,0.0025200450751992065,0.0002261087588947385,1389.8417097341248,0.00046311539116168545,0.063,8.596980454082567e-09
120916706,confirmed_planet,0.5568212477245754,0.5568794463486675,5.819862409206511e-05,0.00010451940246513783,1386.1677288783915,0.03647291541510265,0.037,0.015683833637937336
122612091,confirmed_planet,2.216743559386217,2.2178661902883534,0.001122630902136379,0.0005064324636843508,1387.8273205504388,0.0029802970454911055,0.14300000000000002,1.8736482981338515e-05
159951311,confirmed_planet,5.92426613248315,5.92500392360178,0.0007377911186301489,0.00012453713289225656,1387.5668443391696,0.00985346939202925,0.09,0.00015205570278768033
164767175,confirmed_planet,10.751124783434165,10.74168948964306,0.009435293791105082,0.0008776099227909087,1393.0948361764724,0.0005547590402123319,0.117,6.585670876342666e-08
166836920,confirmed_planet,5.752580381164854,5.761257764969457,0.008677383804602812,0.001508433299431047,1387.9463475485547,0.003501947906478931,0.197,5.618347135767433e-06
220479565,confirmed_planet,3.69771670923474,3.6911245945826385,0.006592114652101522,0.001782752755406671,1389.245345487951,0.002774306275686748,0.037,8.65213170924098e-06
259377017,confirmed_planet,5.660477325087717,11.143026307370077,5.48254898228236,0.9685665479098797,1389.6798270624517,0.0025729005567494347,0.063,1.9521206426758887e-06
268766053,confirmed_planet,3.30984575478706,3.308048954155278,0.0017968006317818919,0.0005428653674217787,1386.2375322658015,0.01595950076557141,0.063,0.0004248047011862038
439456714,confirmed_planet,3.99344182704717,3.9972246275037215,0.0037828004565514384,0.0009472531766785534,1389.0266085847843,0.004973186306093975,0.063,2.18313541660815e-05
29781292,confirmed_planet,56.0045056484392,12.113788845650834,43.89071680278836,0.7836997451295521,1337.172506109539,0.000264457096897674,0.25,1.611878177715505e-08
382626661,confirmed_planet,17.617471587286758,8.822677536734457,8.794794050552301,0.499208641091203,1333.4637298661562,0.00036015135350804924,0.14300000000000002,5.894400988996171e-08
150030205,confirmed_planet,4.511729450820531,4.514917565202453,0.0031881143819223468,0.0007066280052192705,1327.8136965409208,0.00028285362567936,0.063,1.8503977019731455e-08
188570092,confirmed_planet,7.327945,7.330678101097984,0.002733101097984303,0.00037296965219912306,2450.643274423184,0.009207602488557027,0.117,6.379143912143581e-05
327952677,confirmed_planet,3.396944097608,3.4002300866265758,0.0032859890185759077,0.0009673367957069936,2090.1366663913964,0.008396236731785476,0.063,0.00014016134751816404
145750719,confirmed_planet,3.5608112,3.5603983788048783,0.0004128211951215377,0.0001159345924101614,2091.0365032692703,0.0015263476555843853,0.037,2.678437506180787e-06
114749636,confirmed_planet,4.60274981778029,4.608537490334676,0.0057876725543861696,0.0012574380063040918,2089.433986679444,0.0017572532177141179,0.037,2.6791100355232753e-06
169765334,confirmed_planet,5.70428581412041,5.704865037532523,0.000579223412112917,0.00010154179348431406,2090.79590104422,0.0008181455616010634,0.14300000000000002,5.999712013960207e-07
139285832,confirmed_planet,0.77685,0.7769697219122529,0.0001197219122528459,0.00015411200650427482,2062.4462911868823,0.0005566308955178439,0.063,2.32981268218665e-06
224245334,confirmed_planet,3.78523282768119,3.7747193023562096,0.0105135253249804,0.0027775108701624885,2089.9431139926855,0.0009702218553455524,0.14300000000000002,3.1545570867710886e-06
116156517,confirmed_planet,5.36777,5.370355232760555,0.0025852327605546677,0.00048162137359735374,2092.6911106205284,0.0012824096972143555,0.037,1.1108789113336572e-06
228381868,confirmed_planet,3.46549525168069,3.1289556285363895,0.3365396231443003,0.09711155223227788,2090.303616845326,0.002508428868751011,0.01,2.800585314513757e-06
422655579,confirmed_planet,2.9036857613259768,2.90437537634002,0.0006896150140431878,0.0002374964340935684,1413.1388031704541,0.002935258959281521,0.197,1.976948838387061e-05
382391899,confirmed_planet,1.95509315621449,1.954896026855937,0.0001971293585529832,0.00010082862697687049,1411.095197206209,0.014870518258329345,0.063,0.0003715108236011938
178155732,confirmed_planet,5.9739124488142,5.974663689358383,0.0007512405441829628,0.00012575352428073855,1415.6322476975597,0.00023428662103253757,0.117,1.0634810475461193e-09
1129033,confirmed_planet,1.36002827981971,1.3601484454152726,0.00012016559556249362,8.835521830356585e-05,1410.9830001579921,0.013941368531516066,0.09,0.00022195441917332792
35857242,confirmed_planet,3.6344447,3.6340251143628444,0.00041958563715560615,0.00011544697245100638,1413.318541636401,0.00651046242155813,0.14300000000000002,9.379177749594758e-05
120896927,confirmed_planet,4.755999519737232,11.454153251173896,6.698153731436664,1.408358790542253,1397.3716461816034,0.0006259488997979153,0.063,9.824546792591482e-09
257567854,confirmed_planet,3.532822,3.5313912437670933,0.0014307562329065604,0.0004049896181881115,1411.9063000533504,0.008286346962595299,0.117,0.00015366168673132622
166833457,confirmed_planet,2.96264019750485,2.9634629210194654,0.000822723514615209,0.0002776994369103986,1413.1614540571056,0.021374260331487167,0.063,0.0011831462718771611
153065527,confirmed_planet,13.1757294345325,6.5898739289181405,6.585855505614359,0.49984750660964355,1388.5728177785484,0.0016482236811041855,0.09,1.8301189537469826e-06
100990000,confirmed_planet,9.573078691323715,9.583803544958712,0.010724853634997089,0.0011203139534115866,1386.1759748683703,0.00028871272172972936,0.117,4.391420952243472e-09
170634116,confirmed_planet,3.66239178108442,3.6622614792198362,0.00013030186458395931,3.5578352173283175e-05,1412.8922540765375,0.009635092744823876,0.117,5.21042493737335e-05
152476657,confirmed_planet,3.61126205809684,3.609395599883222,0.001866458213618305,0.000516843747031181,1411.7335047356805,0.0042703184247359785,0.117,2.5918518767572365e-05
178284730,confirmed_planet,2.23598645523921,2.2349454315936685,0.0010410236455413724,0.00046557690146204476,1412.703088442426,0.01547279954975446,0.037,0.00010815815471458597
94986319,confirmed_planet,16.067522015214,8.04777445574582,8.019747559468179,0.49912784011588396,1440.1118089633408,0.001367457891782827,0.09,3.683236334638078e-07
43647325,confirmed_planet,3.16156970080926,3.158358643671908,0.003211057137352036,0.0010156528057977366,1440.1345317943226,0.012733023738035858,0.117,0.0003021940820318796
31374837,confirmed_planet,12.4610086397464,12.475925473192278,0.014916833445878908,0.0011970807401817584,1440.6226893903688,0.0015799733761928682,0.117,1.8576203018697267e-07
78055054,confirmed_planet,4.388851647462,4.387779246545605,0.0010724009163949333,0.00024434658597200133,1439.2513440689897,0.020152361811092215,0.09,0.001831836769659074
32499655,confirmed_planet,2.74390294216269,2.741763125124178,0.0021398170385120707,0.0007798442888163928,1440.2631160807334,0.013101913023977433,0.037,0.00037481195999996376
13021029,confirmed_planet,3.85588998096666,3.8548892421410286,0.001000738825631231,0.00025953510877412244,1439.1262255228664,0.007350259770119169,0.14300000000000002,0.000204343947890445
70899085,confirmed_planet,4.0520368,4.056879827496215,0.004843027496215235,0.0011952081719038769,1438.3677666573067,0.0034972788558728443,0.063,1.2280546034954508e-05
117979897,confirmed_planet,3.3106692005591,3.3073404181539607,0.003328782405139119,0.0010054711611105574,1439.8852859765345,0.007089427039042289,0.117,0.0002898237319174411
179034327,confirmed_planet,17.9635082681689,14.303791318744716,3.659716949424185,0.20373063517381818,1421.240576046393,0.001176198887784767,0.117,1.729922987041988e-07
1528696,confirmed_planet,0.882062425827087,0.8816909962847117,0.00037142954237534553,0.0004210921262483953,1438.4069638253015,0.007357233546565017,0.037,0.00041289642796713997
139528693,confirmed_planet,2.17517287669693,2.176959646807435,0.001786770110504765,0.0008214382082669369,1440.3588620698108,0.005754468462951742,0.17,0.00028765444225060407
257605131,confirmed_planet,16.3648730373237,0.5280411552624898,15.836831882061212,0.9677332568325966,1411.3320048389064,0.00021007545486707708,0.223,6.297751569623992e-07
139733308,confirmed_planet,4.76339524215734,4.758386612659442,0.005008629497897488,0.0010514830794576436,1441.1455462370038,0.010396654050231597,0.09,0.00019745635354865532
452808876,confirmed_planet,2.70582,2.7046473041611945,0.0011726958388056374,0.000433397579589787,1438.9721681023266,0.004623211559451718,0.197,3.850849349762029e-05
98796344,confirmed_planet,5.35877595248221,1.3963044117339893,3.9624715407482207,0.7394359413202908,1411.41243225146,0.000871316120359363,0.25,8.900871974714073e-07
4646810,confirmed_planet,10.924547796491108,7.232122447313017,3.692425349178091,0.3379934270930714,1416.3593690552473,0.0007758138121675946,0.037,2.4669014990265188e-08
270380593,confirmed_planet,3.83616232983683,3.834426918969467,0.001735410867363285,0.0004523820209237861,1414.1412862017569,0.004328610250254012,0.09,2.140003928953495e-05
355636844,eclipsing_binary,6.30556,1.3364959460295915,4.969064053970408,0.7880448451795571,2063.039985629828,0.0007885849220354801,0.01,1.6534211545615363e-07
220435095,eclipsing_binary,3.42310017313899,3.422402277856768,0.0006978952822218609,0.00020387813587759818,1655.2422537608468,0.006395092683456815,0.063,7.399814568994923e-05
382302241,eclipsing_binary,1.59782,1.597319595654377,0.000500404345622929,0.0003131794229781383,2037.074592505137,0.0010034846866074454,0.063,1.8473606949882024e-06
403287048,eclipsing_binary,7.00776,0.6265659074795181,6.381194092520482,0.9105897023471811,1325.498341601803,0.00016526414193902586,0.25,8.928590871371828e-07
389525208,eclipsing_binary,6.74657,6.737554063280291,0.009015936719709572,0.001336373404516602,2037.7653485751182,0.00240029447268512,0.063,1.8968645037277755e-06
220518305,eclipsing_binary,14.152037719003577,14.992779734467804,0.8407420154642278,0.05940784162377311,2072.0415697631747,0.0027996926443503343,0.09,1.0217656688065245e-06
403136413,eclipsing_binary,2.51266,2.0265540785812863,0.48610592141871356,0.1934626735884336,2062.655783157998,0.0010731887238092572,0.01,4.311781338028306e-07
253917293,eclipsing_binary,4.608,7.6292209053227245,3.021220905322725,0.6556468978564941,1332.1113017792654,0.0007972454051533488,0.17,9.369332776986502e-07
79395355,eclipsing_binary,7.31898,7.330415801422933,0.01143580142293299,0.0015624856773666536,1328.332689077549,0.0015913277902460008,0.117,4.6227380590544285e-06
350743714,eclipsing_binary,7.757643018862346,7.772957756458697,0.015314737596351158,0.001974148276623981,1388.276570968389,0.004385752831924748,0.117,3.6152499432561234e-06
309257814,eclipsing_binary,1.81357672556142,1.2390539311072013,0.5745227944542186,0.3167899027135819,1571.639194755579,0.013564910208538894,0.063,0.00023712673167457647
272086159,eclipsing_binary,16.155373,8.083351715158194,8.072021284841806,0.49964932934954864,1354.9534167898382,0.025661720384500264,0.037,0.0009438210411729768
51912829,eclipsing_binary,0.835389856074935,0.8352440181108405,0.00014583796409450844,0.00017457473661426252,1325.9007702361537,0.002545857522306701,0.037,6.275655237610592e-06
183979262,eclipsing_binary,3.43075648471031,3.4296801266218537,0.0010763580884560753,0.0003137378281591916,1326.1079632606873,0.0076547888569296445,0.09,1.3761464293151681e-05
300871545,eclipsing_binary,4.81706843753625,4.810160211227841,0.006908226308408594,0.0014341142124071405,1327.393748468046,0.016504193250413843,0.09,0.0001979488164585813
278866211,eclipsing_binary,2.194061627827692,2.194815319217128,0.0007536913894359287,0.00034351422944402314,1327.3549715912216,0.0035987566485446098,0.063,1.1952533402053941e-05
260271203,eclipsing_binary,5.64928534420493,5.646250124048298,0.003035220156632157,0.0005372750660834831,1330.1023998343544,0.03265933733760061,0.117,0.0049984365949362255
260043723,eclipsing_binary,3.138585602920343,3.13853197982608,5.362309426315548e-05,1.7085114458328327e-05,1327.06353237151,0.00034058187764166834,0.14300000000000002,5.2218734033845114e-08
260609205,eclipsing_binary,4.46177548270279,4.463091666024346,0.0013161833215562524,0.0002949909350344437,1328.7527320922738,0.01346940590876278,0.17,0.0011770397192435277
316937670,eclipsing_binary,0.62425,0.5004828786140149,0.12376712138598511,0.19826531259268743,1325.4362582281876,0.0004196533778989938,0.25,8.185951946394454e-06
144440290,eclipsing_binary,0.0,8.773732660645285,8.773732660645285,inf,1358.9981542989535,0.0014438996622806928,0.037,8.245969471435128e-08
47484268,eclipsing_binary,0.0,11.37385637696632,11.37385637696632,inf,1358.5027845037405,0.004791301484042962,0.09,2.579400330986863e-05
9727392,eclipsing_binary,4.534451,4.5334514392721506,0.0009995607278492358,0.00022043698958247335,1355.3284692929108,0.01655766920404029,0.17,0.0008057597982295448
120585579,eclipsing_binary,6.340315,6.330849673652341,0.00946532634765962,0.0014928795095605848,1357.7922430078468,0.017865002174899197,0.14300000000000002,0.0012218695073994317
350445771,eclipsing_binary,3.1901568769397,3.189830810812931,0.0003260661267687759,0.00010221006030323165,1326.8065347210043,0.0024052611480641435,0.063,4.756723005698075e-06
279740441,eclipsing_binary,0.741859449402693,0.7416059944659653,0.0002534549367276817,0.0003416481881193945,1325.9983147505925,0.0009596650869353801,0.037,3.376714944880911e-06
281979481,eclipsing_binary,0.5417947272272686,0.5418397490894186,4.502186214994097e-05,8.30976380673699e-05,1386.390526274019,0.0005055789758368984,0.037,5.170463626594226e-07
382188882,eclipsing_binary,4.80009527427101,4.814782768521686,0.01468749425067628,0.0030598339015066463,1387.7355149619764,0.002570057177995932,0.09,5.2493711999723315e-06
277103955,eclipsing_binary,1.3090665,1.3082884987374885,0.0007780012625113741,0.0005943176015209114,1326.4143792146463,0.0001600231705583312,0.14300000000000002,5.327793768540585e-08
201233610,eclipsing_binary,21.05271,14.839548936640542,6.213161063359459,0.2951240511724837,2076.3732258022596,0.013852720401364108,0.117,0.00016751792186519773
49710555,eclipsing_binary,12.08837,12.123582029440453,0.03521202944045321,0.0029128848174280906,2096.976400750805,0.002381775021096607,0.09,5.129474864745344e-06
166697854,eclipsing_binary,2.75753,2.7556587444257756,0.0018712555742244064,0.000678598446517139,1354.4379494856355,0.0010109356351709646,0.063,1.5282296339998278e-06
262530873,eclipsing_binary,2.24172,2.2435662932208396,0.0018462932208396232,0.0008236056335490709,2089.3359572771474,0.02466716109690515,0.14300000000000002,0.001409017339654912
9102327,eclipsing_binary,3.2615,3.2603896611485412,0.0011103388514586143,0.0003404380964153348,1354.5514810149532,0.0016000506472842297,0.09,5.286169465293432e-06
66356824,eclipsing_binary,3.55562,1.7781064326863618,1.777513567313638,0.49991662981804524,2089.8327851947906,0.0027014747100506642,0.063,2.8522803761823068e-05
188593930,eclipsing_binary,1.46503,1.466117370931933,0.0010873709319330072,0.0007422175190494441,2088.4660155647653,0.003224102772588225,0.037,2.9136684788416005e-05
175476629,eclipsing_binary,1.14057,0.9283712812461008,0.21219871875389928,0.18604620387516704,1354.80596386494,0.0004469276811235538,0.25,1.1732840245813567e-05
262531275,eclipsing_binary,2.4843369,2.4853932818806195,0.0010563818806192948,0.00042521683778850395,2088.530030365248,0.002797636809959809,0.063,2.7301491404318172e-05
41865539,eclipsing_binary,1.26092,1.716013645917898,0.455093645917898,0.36092190298979954,1354.9601210313372,0.0008135861552731277,0.063,3.426885421841482e-06
55452495,eclipsing_binary,17.7082945,8.842562509733282,8.865731990266719,0.5006541985320335,1496.7114054686747,0.0009888058651693768,0.063,2.4351558475072215e-07
155986102,eclipsing_binary,6.87168,10.615560922619075,3.7438809226190752,0.5448276000365377,1360.6019056516932,0.010835721404817162,0.09,679.7629385603884
69838258,eclipsing_binary,6.73069,6.74462259869193,0.013932598691930309,0.0020700104583527557,1354.547184724119,0.007962720259361603,0.117,0.00012066834521544727
415969574,eclipsing_binary,10.45776,10.22223888586607,0.23552111413393106,0.02252118179552132,2450.5112067900723,0.005770562529162419,0.117,2.381380801777602e-05
382474101,eclipsing_binary,2.6520851,2.652792403837775,0.000707303837775175,0.00026669726313653175,1354.5593235965598,0.00740278318119369,0.14300000000000002,0.00010934184301547424
220016044,eclipsing_binary,0.939966443907959,0.9397003018856855,0.0002661420222734856,0.0002831399184496272,2088.3941842301724,0.0005079780509360079,0.037,4.1846259159895746e-07
13023738,eclipsing_binary,8.0635,4.047018824183532,4.016481175816468,0.4981064272110706,2088.723199781077,0.001207372321666013,0.09,3.547780392325343e-06
9033144,eclipsing_binary,4.7150255,4.720120604590926,0.005095104590925992,0.0010806101877765012,1354.277730829758,0.003241468423409596,0.09,4.873184856595064e-06
77031413,eclipsing_binary,1.38665,1.3859539883333531,0.0006960116666467897,0.000501937523273205,2088.7408658129925,0.01805210367800858,0.09,0.0008771276755869212
139285736,eclipsing_binary,1.55028,1.550913902245503,0.0006339022455028598,0.00040889532568494705,1355.5021979742075,0.0045581982993448105,0.037,4.340391366061616e-05
20892672,eclipsing_binary,3.10926,3.110762830086545,0.0015028300865451705,0.0004833401151866266,1356.494105696647,0.0055735517360762325,0.09,462.04208960822183
220396259,eclipsing_binary,0.91677,0.9170452810232046,0.000275281023204621,0.0003002727218436696,1386.7976655378222,0.0003796803645473838,0.063,2.4766697938920576e-07
207084429,eclipsing_binary,4.89577,4.888256798950011,0.007513201049988538,0.0015346311305450499,1356.0918901065838,0.00026131292901284916,0.117,6.401105866822723e-09
229091748,eclipsing_binary,0.4568,0.9139233670321604,0.4571233670321604,1.0007078963050797,2089.076065909208,0.004078132158287638,0.01,3.285528613409493e-05
167418898,eclipsing_binary,10.9803025,0.5541838737102863,10.426118626289714,0.9495292708274398,1325.6186434853782,0.00010017496161848312,0.25,1.7615299306080201e-07
155995204,eclipsing_binary,9.30734,9.332321644735211,0.02498164473521136,0.0026840799557350825,2065.4757614334153,0.021270727600714377,0.117,0.0007515137416549183
300810086,eclipsing_binary,0.6680065,0.6680060897844651,4.1021553487397e-07,6.140891366685354e-07,1571.2230505432888,0.00039847586341543124,0.037,1.2889206344458748e-07
92359850,eclipsing_binary,4.155,0.7755531742053098,3.3794468257946906,0.8133446030793479,1411.1140138477608,0.0007307924391084064,0.25,2.9859538386736033e-06
271900960,eclipsing_binary,13.45913,0.8045777535585344,12.654552246441465,0.9402206715026502,1325.6712716413867,0.00016639691521766684,0.25,7.606511425432399e-08
250386181,eclipsing_binary,1.470258,1.4715878313802098,0.0013298313802097006,0.0009044884504690337,1412.3636728611966,0.0018339905091277716,0.037,1.9017989305701075e-06
29960109,eclipsing_binary,2.49221,2.4888446814084175,0.0033653185915825112,0.0013503350807446046,1411.6871041745344,0.0018677213591806875,0.063,3.326380896110634e-06
9858404,eclipsing_binary,0.39149,0.7829580246118948,0.3914680246118948,0.9999438673066867,1411.2710983007305,0.00038370389966332327,0.037,4.00909931882487e-08
219379012,eclipsing_binary,1.5464949,1.5459353333527943,0.0005595666472055782,0.00036182896381072987,1410.9546818805482,0.0006825720631784472,0.037,3.937752500611509e-07
219388773,eclipsing_binary,1.57168192465091,1.5697601090725237,0.0019218155783862212,0.001222776408027394,1412.409514308492,0.0005931106440817571,0.063,6.89500116220408e-07
259701242,eclipsing_binary,2.485488701808075,0.7916812331041266,1.6938074687039482,0.6814786434039244,1386.61343275567,3.8597368184709686e-05,0.223,2.6128353219809843e-09
176984236,eclipsing_binary,1.7560902,1.259372986997769,0.49671721300223104,0.28285404303391193,1411.2761972685228,0.0010787516430326302,0.25,9.888513457151436e-06
176778112,eclipsing_binary,1.33679,1.3387469580325966,0.0019569580325966562,0.0014639233032837293,1411.5407874977807,0.0008265892923226395,0.037,3.9966773959073426e-07
167754523,eclipsing_binary,6.7992776,1.7003870454191463,5.098890554580853,0.7499165138633042,1326.312912377767,0.000153400131555365,0.09,2.001014226493815e-08
206466531,eclipsing_binary,1.42744,1.4283131678189072,0.0008731678189071168,0.0006117019411723903,1386.087411901363,0.0003083082327349543,0.063,1.1032743495059173e-07
7624182,eclipsing_binary,1.1096992,0.8597148217169677,0.24998437828303244,0.2252721983426071,1411.268382800259,0.0005636125491378156,0.25,1.0054721878107426e-06
325680697,eclipsing_binary,1.82488,1.825950060562377,0.0010700605623770176,0.000586373110767293,1411.5103402336076,0.0037562245525098376,0.063,6.708793101845906e-06
49899799,eclipsing_binary,7.0114,7.017539489215085,0.006139489215084559,0.0008756438393308838,1413.1847502199316,0.005258226559178992,0.17,4.8070956764907955e-06
339733013,eclipsing_binary,5.62162,5.611719239024729,0.009900760975271261,0.0017611935661377433,1412.7244454716404,0.00044301415689700384,0.117,1.3653379282901305e-07
279251651,eclipsing_binary,0.403842579347559,0.8074771512339821,0.4036345718864231,0.9994849293467966,1354.4737526840433,0.0006416109199957816,0.037,9.370957465889737e-07
408159788,eclipsing_binary,2.300698,0.520872692802276,1.7798253071977241,0.7736023185997136,1438.1106780207344,9.469687974625915e-05,0.223,1.7857646083848625e-07
117979694,eclipsing_binary,1.9784257,0.991538468111772,0.986887231888228,0.4988245107654172,1438.7119136404974,0.000546980095007646,0.09,1.4202128284185341e-06
169532369,eclipsing_binary,3.60364,3.6013479697181956,0.002292030281804358,0.0006360319792777187,1440.3185172052058,0.005210923484127413,0.14300000000000002,8.627499721936415e-05
70914192,eclipsing_binary,0.6090253,0.6096062171029683,0.0005809171029682592,0.0009538472424187619,1438.3242992394173,0.004550680784561963,0.037,5.756734915858576e-05
117979850,eclipsing_binary,0.6333315,12.927593496386596,12.294261996386595,19.412048818646465,1450.7765541242295,0.003368989130455855,0.037,7.904667299191054e-08
459942762,eclipsing_binary,0.58644,0.5862402892826799,0.0001997107173200563,0.0003405475706296574,1438.2581170323851,0.0002516334738867686,0.063,5.426608901028948e-08
38686737,eclipsing_binary,2.24704,2.2458325899445986,0.001207410055401592,0.0005373335834705176,1439.9830550429797,0.019030554918058856,0.09,0.0023108213812052495
188989177,eclipsing_binary,1.17409,1.174083094813751,6.905186249017703e-06,5.881309140711276e-06,1438.2974062953976,0.0026583848280928636,0.063,5.256858804332724e-06
44745077,eclipsing_binary,1.8756,1.8738616053882897,0.0017383946117102145,0.000926847201807536,1411.7148012730208,0.003564618842347781,0.037,3.5884620188179984e-05
143350972,eclipsing_binary,1.0817,1.0819453324078168,0.00024533240781665633,0.00022680263272317308,1438.04912361711,0.00023449111259844047,0.063,1.627458937827798e-08
316916655,eclipsing_binary,2.87436,2.8749941444809615,0.0006341444809616625,0.00022062110555451042,1440.190652819277,0.0016817805320294274,0.063,1.149180062704847e-06
1449640,eclipsing_binary,3.50180229367037,3.4971421839983763,0.004660109671993595,0.001330774635797374,1440.4438425292876,0.012421392551637381,0.117,0.0005199158316127258
14091633,eclipsing_binary,5.52927430958881,5.526680235654048,0.0025940739347616315,0.0004691526933766002,1440.9390628829146,0.013662070992180135,0.063,2.9749910184389842e-05
77228304,eclipsing_binary,0.336826,0.6733777826006445,0.3365517826006445,0.9991858781704633,1410.956490764212,0.013253824551154338,0.037,0.003460722526591349
9804616,eclipsing_binary,0.516834685451029,0.5169050737149808,7.038826395189268e-05,0.0001361910605718472,1411.0651101643832,0.019536900323398887,0.037,0.0068142028554313986
176831592,eclipsing_binary,2.53405,1.2670579420233525,1.2669920579766476,0.4999870002472909,1411.5359344392957,0.0022942330497919827,0.063,2.812470928514634e-06
20178111,eclipsing_binary,1.734422,1.7328602549416778,0.0015617450583220727,0.0009004412180669253,1468.633072265989,0.0015833130283020554,0.063,2.9716791167443945e-06
172464366,eclipsing_binary,2.921685,2.9247590921783386,0.003074092178338539,0.0010521641375913348,1470.035982493239,0.011830563286370988,0.117,0.00027736807800767644
365639282,eclipsing_binary,10.8717,14.357614215419282,3.4859142154192817,0.320641133899876,1468.9520951253926,0.00596042444973914,0.14300000000000002,6.481763674713324e-05
427348923,eclipsing_binary,4.728681,4.73907504789046,0.010394047890460278,0.002198086081607171,1468.403812462794,0.0013834548469614438,0.14300000000000002,4.241488312884316e-06
427352241,eclipsing_binary,1.2667147,1.265641145498115,0.0010735545018851766,0.0008475108892990478,1468.8166305601283,0.0010254192826468663,0.063,1.1591795613374536e-06
108645766,eclipsing_binary,2.974175,2.9749206839694917,0.0007456839694919282,0.0002507196010631278,1492.9023819206263,0.008062383252054774,0.09,8.494548222608474e-05
219164808,eclipsing_binary,1.6773063,1.6767990795986807,0.0005072204013192305,0.0003024017743922088,1438.0529615984638,0.0024360449533698913,0.063,6.000875522856664e-06
274138511,eclipsing_binary,2.774207,2.7727679641467313,0.0014390358532687664,0.0005187197109908404,1492.5023793769144,0.0005521059813377262,0.09,3.878352553638071e-07
318937509,eclipsing_binary,1.04855,1.0481975414637346,0.0003524585362655319,0.00033613898837969757,1492.653035193784,0.026479772323826256,0.037,0.0037492953890893425
308307606,eclipsing_binary,9.88502437905873,14.661755438761777,4.776731059703046,0.48322906211768946,1412.7179645123902,0.008379454266809538,0.063,6.257319764081955e-05
200593988,eclipsing_binary,7.678746159140782,7.704153408108212,0.025407248967430185,0.003308775735109486,1470.8366568213219,0.0047316266464678975,0.09,2.5020473101807175e-05
311183180,eclipsing_binary,13.24981,13.241280756174856,0.008529243825144306,0.0006437257458895113,1439.5895964443287,0.016019842126455224,0.09,2.9421460401431902e-05
59003115,eclipsing_binary,2.294185,2.293953823072187,0.00023117692781315924,0.00010076647167214468,1439.0725292399638,0.000542516212621057,0.117,1.095673032517769e-06
1133072,eclipsing_binary,0.846542,0.8468194649486458,0.0002774649486457781,0.00032776276740643473,1518.3643126783275,0.002422219519036494,0.117,9.43098706413106e-05
126733133,eclipsing_binary,1.4687098110902312,1.4686773964208004,3.2414669430824716e-05,2.207016606416153e-05,1518.9204534820412,0.0010766875103026244,0.037,6.15951588521659e-07
289535142,eclipsing_binary,2.3382708901841,2.3365545509190753,0.001716339265024569,0.0007340207125828077,1518.8011030230164,0.01159401921896481,0.09,0.0008114353658343559
386435344,eclipsing_binary,19.3721050588841,8.287881872732315,11.084223186151783,0.572174430835462,1520.102206677777,0.0009943399319836978,0.09,1.4390464683903757e-07
180987952,eclipsing_binary,1.3891700475342974,1.3885537892769342,0.0006162582573632225,0.0004436161422117098,2256.2607707876846,0.0005722113342160421,0.063,2.5371274952505855e-07
287474726,eclipsing_binary,3.74420073543415,3.7442372366784635,3.650124431331392e-05,9.748741291532678e-06,2230.0510880378647,0.0006148157256231507,0.09,1.5944937195692616e-07
74482749,eclipsing_binary,1.2622657765960106,0.6135062700446362,0.6487595065513744,0.513964268524259,2256.037095799392,0.0012178724577031803,0.25,6.875390575254151e-06
131979339,eclipsing_binary,22.6384642,14.67825052960882,7.960213670391182,0.35162339636057033,2239.479883186301,0.0035277047781159623,0.117,4.5583295411011444e-07
412961700,eclipsing_binary,2.51838455597415,2.5204288430091846,0.0020442870350345643,0.0008117453826442335,2230.3373911118774,0.0004502529822910802,0.063,1.0857276812110352e-08
146261607,eclipsing_binary,8.4915117,8.469398032642019,0.02211366735798137,0.002604208548400324,1497.841221782606,0.03431794226744937,0.197,0.0007415300785942773
128463355,eclipsing_binary,13.9086,14.065813473729419,0.15721347372941885,0.011303328424817656,2240.20450979075,0.0221286959455922,0.09,5.5646439431586126e-05
287329267,eclipsing_binary,7.643442319371688,0.7353489217923608,6.908093397579327,0.903793488448434,2036.523383707354,0.0003871316282702767,0.01,5.127802489577273e-08
144956678,eclipsing_binary,1.51360034493789,1.513702789427363,0.00010244448947283047,6.768265468189639e-05,2230.464616347556,0.0007129603746522211,0.09,8.084241971699291e-07
81429971,eclipsing_binary,3.0432421,3.04420759393943,0.0009654939394301287,0.00031725834084318457,2231.290746782218,0.0011131123836404322,0.14300000000000002,1.7638877212226648e-06
134396419,eclipsing_binary,4.3652608,4.373138424210552,0.00787762421055227,0.001804617082798872,2229.64293249564,0.0007380965372231458,0.063,2.822394006180051e-07
175176327,eclipsing_binary,11.09987454798298,11.131463190099094,0.03158864211611423,0.0028458557778794336,2235.3718923388747,0.002780080887586366,0.063,1.1565071930370528e-06
145027461,eclipsing_binary,1.07242,1.0734147400662386,0.0009947400662386752,0.0009275657543114407,2229.628403275743,0.0005896667536763802,0.09,1.0790568251405293e-06
122262940,eclipsing_binary,2.0034063,2.0032503169952918,0.00015598300470820448,7.785889697372144e-05,1519.9451025432277,0.0017897690378657536,0.117,4.512865383419874e-06
153651591,eclipsing_binary,2.14563244308398,2.147258968490173,0.0016265254061926804,0.0007580633912557866,2230.7653190393908,0.0012018169794955477,0.09,1.6939668335941458e-06
80275202,eclipsing_binary,3.6649528,1.133127090379423,2.531825709620577,0.6908208230186694,2229.070352098828,0.002684723171373094,0.01,2.8676626543224586e-06
154459165,eclipsing_binary,3.1471655,3.1435349192946322,0.003630580705367592,0.0011536033632065402,2231.504669838022,0.0007701321144572035,0.14300000000000002,9.412625213282151e-07
267527924,eclipsing_binary,1.8080364,1.8088604779380157,0.0008240779380157548,0.00045578614347352453,2230.530524889029,0.0007555860686523999,0.117,1.2553276715663705e-06
101395259,eclipsing_binary,7.57467495428118,7.600640677822389,0.02596572354120852,0.0034279653843803264,1523.922363734868,0.003175722295507357,0.117,3.620806496193277e-06
97158538,eclipsing_binary,2.59507471269952,2.594566291059839,0.0005084216396813446,0.00019591791989389786,2203.761453106321,0.00046053687895102356,0.037,3.39202384693321e-08
349790953,eclipsing_binary,1.5521101,1.5511408397914672,0.0009692602085327184,0.0006244790292471639,1325.9378500919606,0.003808950982599813,0.09,2.056142425508073e-05
432008938,eclipsing_binary,9.653456,6.427345890256003,3.2261101097439973,0.33419224262730335,1496.847142301887,0.012660373283769647,0.197,0.0003798691968160047
63303499,eclipsing_binary,1.92713275821747,0.9629842255816196,0.9641485326358504,0.5003020827312665,2202.2939205543503,0.0003834622412128835,0.197,6.942610880793041e-07
157568289,eclipsing_binary,1.8361503,1.8401401095237686,0.003989809523768706,0.0021729209878781196,2203.1994319448495,0.00242394103316662,0.17,2.0451609789410472e-05
238197709,eclipsing_binary,13.725252177625,13.782052430450939,0.05680025282593881,0.004138375899463252,1635.7074603640576,0.002317042044148277,0.14300000000000002,2.6360790988232854e-06
78672342,eclipsing_binary,2.979535783062748,2.9725992323273593,0.006936550735388458,0.002328064249075131,1468.3515717391701,0.0010461103590575155,0.09,8.484596727666343e-07
349373192,eclipsing_binary,0.76983,0.7658968995710423,0.00393310042895767,0.005109050607221945,1599.3197775015246,0.00020417961445930863,0.25,3.201152002299899e-07
33153766,eclipsing_binary,0.68831,0.6884191972430019,0.00010919724300195721,0.00015864544028411213,1544.6053416623265,0.0005282911390031837,0.063,2.0326123865120414e-07
54085154,eclipsing_binary,1.0014437,1.0013568262199277,8.687378007232738e-05,8.674854120339204e-05,1544.2955593882775,0.00025229290326149174,0.063,3.010894268951066e-08
115242351,false_positive,5.67483267319457,12.090305908253885,6.4154732350593155,1.1305131982768775,2100.3119248512676,0.006768671027398365,0.063,2.663566912603523e-05
9032368,false_positive,1.632,12.245893214590287,10.613893214590288,6.503611038351893,2100.0852859727484,0.008268804228677732,0.25,0.00010204531914474632
398733009,false_positive,0.8185671730978292,0.8186003698243515,3.319672652224437e-05,4.055467604034609e-05,1411.5615276320077,0.035391600175801514,0.037,0.013763881402325663
431999925,false_positive,1.445433,1.4443504489372825,0.001082551062717485,0.0007489458610101506,1492.9228946686992,0.0070827411114542035,0.09,0.0006031180551492002
403693875,false_positive,3.524869262768182,3.5221177070096368,0.0027515557585453543,0.0007806121457067822,1469.7117800160768,0.017316968654028334,0.117,0.0011359309562398493
438490744,false_positive,1.665878,1.6657751367512443,0.0001028632487556358,6.174716801328536e-05,1468.497020808597,0.04013006620099857,0.117,0.01806527744910086
302895996,false_positive,0.567995,0.5686846108025466,0.0006896108025465919,0.0012141142132353134,1468.824236106675,0.003733493398661427,0.063,0.00017073937016210162
237751146,false_positive,1.66976904090466,1.6715848961570525,0.0018158552523925842,0.00108748887295741,1469.9031062708175,0.01192652799450658,0.09,0.0009911928677512054
53593457,false_positive,0.530893,0.5310897245699323,0.00019672456993236054,0.0003705540851590821,1468.3314149650535,0.01758304348613178,0.063,0.006919027745094602
32830028,false_positive,0.516278,0.5152167693628991,0.0010612306371009517,0.002055541078839214,1468.3743881153719,0.022790296225418637,0.197,0.05993275044628349
311183180,false_positive,10.043245,13.241280756174856,3.198035756174855,0.3184265400450606,1439.5895964443287,0.016019842126455224,0.09,2.9421460401431902e-05
37575651,false_positive,9.59719766745206,9.5866657414369,0.010531926015159954,0.0010973959670412888,1521.9137025410937,0.0011189878592749152,0.117,1.0078265672127623e-07
294090620,false_positive,8.0442389870715,8.039952387873523,0.004286599197977026,0.0005328781510427948,2236.099248543621,0.0032850375240817773,0.197,1.3955817619185577e-06
270841724,false_positive,18.90372,9.431073677158903,9.472646322841097,0.5010995890142839,2259.3462647877905,0.006148104598650193,0.223,1.506789592948229e-05
196286587,false_positive,10.4137962,10.385921569583516,0.02787463041648408,0.0026767021248681705,2235.561632015725,0.001278311189669189,0.14300000000000002,5.596995677560326e-07
146208651,false_positive,6.519778102722013,6.523482783089059,0.003704680367046187,0.0005682218487619203,2992.690778192116,0.0008095325085910967,0.09,2.461775429426945e-07
145982812,false_positive,0.82967,0.8291835327324711,0.00048646726752887837,0.0005863382640433888,2256.2585233563827,0.0004712401542453471,0.09,7.80038541697982e-07
118021229,false_positive,0.88501,0.8842232753244186,0.000786724675581385,0.0008889443911157897,2229.9025930940734,0.0008054136022419458,0.063,1.2636044936070719e-06
141227133,false_positive,2.42232,2.423703069512779,0.0013830695127787784,0.0005709689524004997,2257.531034327908,0.004375180554582595,0.09,1.8721932198837097e-05
365781372,false_positive,1.13889,1.1394609286681927,0.0005709286681927495,0.0005013027317763344,2174.3777833802988,0.0037068163863885843,0.09,2.251346755052008e-05
348755723,false_positive,4.503645,4.508699613424436,0.0050546134244360275,0.0011223383336022327,1522.3036121547536,0.009613292733515126,0.09,0.00030499315766701436
146463781,false_positive,0.417921,0.8351677480693978,0.41724674806939777,0.9983866521888055,1492.412989549769,0.021181414945317875,0.09,0.00534663751235902
82362447,false_positive,2.819817,2.818468477458931,0.001348522541069208,0.00047823051675665765,1520.3867067664348,0.06386547348814865,0.14300000000000002,0.045027869988302056
48476907,false_positive,4.7192734,4.714037092510045,0.005236307489954406,0.0011095579861837219,1548.4334002530645,0.001254320070012503,0.037,1.842192092084001e-07
147660201,false_positive,0.579398,0.5796524316115228,0.0002544316115228318,0.00043913097995304057,1544.5046780066673,0.0008274536688518138,0.063,3.835952115029209e-06
308050066,false_positive,11.1755425,11.172655164757177,0.0028873352428231414,0.0002583619759687855,1552.076856667511,0.004630895874275693,0.197,1.2142782755616873e-05
219239945,false_positive,13.697384,6.865399535799081,6.831984464200919,0.49878023892744183,1389.3434784367123,0.0006228166646764627,0.17,3.9597527907219823e-07
119081096,false_positive,0.83707,0.8354737489378632,0.0015962510621367887,0.0019069505084841037,1518.1197818621201,0.0007039509815577091,0.117,8.42959068662246e-06
174143743,false_positive,0.46132,8.576607513537736,8.115287513537735,17.59144956545941,1526.444364190578,0.0015452656083137484,0.037,2.659802448329952e-07
304042899,false_positive,12.4458741183019,12.464263495335489,0.018389377033589227,0.001477548049963585,1573.7781944192845,0.0033265017568433167,0.223,2.9718302015547285e-06
380886535,false_positive,8.90662508791763,8.918880538551083,0.012255450633452014,0.0013759926473246602,2122.2511204415796,0.002111777296228,0.09,5.056043457737623e-06
229141709,false_positive,14.20489,7.103451727932927,7.101438272067074,0.49992912807259143,2092.6333960108304,0.053732515632390426,0.14300000000000002,0.00419357267554058
271596418,false_positive,0.556109,0.5585657638751861,0.0024567638751861187,0.004417773988887284,1325.7312431950118,9.75771168838875e-05,0.25,2.481350225879439e-07
37084932,false_positive,6.58454,6.591262123810291,0.006722123810291691,0.0010208949767624908,2202.7963310359614,0.003167814905349338,0.117,3.6756821402396652e-06
237808867,false_positive,0.56708,0.5671015915821537,2.1591582153646094e-05,3.807501966855839e-05,2201.7715356583367,0.000887272306223592,0.063,1.922803612334581e-06
438295981,false_positive,3.96643,3.9674165901448806,0.0009865901448806724,0.0002487350450860528,2202.9828907004357,0.0005453828569026742,0.063,9.45753407667385e-08
284288080,false_positive,1.83485,1.8350981149210575,0.000248114921057363,0.00013522354473518978,2202.225449459782,0.0005244206064426838,0.117,1.1275938824652539e-06
250484865,false_positive,0.76189,0.7623393227267352,0.0004493227267352573,0.0005897475051979384,2202.400418420561,0.00018354524070959342,0.117,6.248568760465313e-08
124543547,false_positive,0.0,12.290389379813039,12.290389379813039,inf,2203.8778848253023,0.0021617667921999956,0.197,3.1229785545449445e-06
294869729,false_positive,1.1140067,0.554740399349937,0.559266300650063,0.5020313617952773,2036.2866687498436,0.0005959748149668243,0.01,5.911316996510329e-07
271722899,false_positive,19.2998,10.008301591937025,9.291498408062976,0.48142977689214267,2045.5878151935844,0.002297870880193132,0.01,4.285366171180864e-07
278199349,false_positive,9.46516,9.46333276367822,0.0018272363217786136,0.00019304864595829483,2043.267920678288,0.0018050241447606194,0.063,1.9675001097355694e-06
261258875,false_positive,2.5852,2.912426307425308,0.3272263074253079,0.1265767860998406,2062.797434068575,0.00044184511944113695,0.01,1.330162878721445e-08
189013222,false_positive,1.3228701,14.24885035840529,12.925980258405291,9.771163667850146,2185.7129817298182,0.0054466903910623575,0.17,6.227648548125477e-06
279999655,false_positive,1.54104,1.5403535927048018,0.0006864072951981992,0.00044541822094053317,2229.306260627065,0.006139665486807553,0.037,4.272211786468234e-05
265077027,false_positive,4.79586,4.789200585702803,0.006659414297197408,0.001388575625059407,2229.9775398196007,0.0041980927519180596,0.063,1.2942755667782615e-05
141776043,false_positive,4.06269,4.05957562640947,0.0031143735905301284,0.0007665791853501321,2232.72836343506,0.0030322187092050143,0.09,1.252612805641422e-05
179155220,false_positive,0.60274,0.6021333247474487,0.0006066752525513142,0.0010065289387651626,2201.795824166866,0.004240685058001722,0.117,0.0001513144389672006
179159972,false_positive,1.37101,1.3728375701769042,0.0018275701769041586,0.001333010099783487,2202.3557438235302,0.0007612724598576988,0.117,1.7965543429718166e-06
453209605,false_positive,2.80944,2.8092357088065913,0.00020429119340859003,7.271598375782719e-05,2230.033982028004,0.0021757707393295824,0.117,8.347845530955498e-06
268371979,false_positive,2.78102,2.783960415521102,0.0029404155211021354,0.001057315488958057,2204.360719328523,0.0015500123668947161,0.09,3.5660821046201974e-06
5772442,false_positive,1.10578,1.1046598263606984,0.0011201736393016137,0.0010130167296402664,2230.0874633246967,0.00041644171169293216,0.063,3.586857658056873e-07
33091633,false_positive,7.52118,7.516647955830738,0.004532044169262228,0.0006025708956921956,2202.706113920037,0.007415631031397494,0.14300000000000002,4.290435695988321e-05
425220920,false_positive,8.76905,8.791946944985083,0.022896944985083323,0.0026111089553695465,1494.4999430562375,0.0034234515701502813,0.117,4.592416312618436e-06
113553629,false_positive,4.30438,4.3050185633748175,0.0006385633748173802,0.0001483519983870802,2232.0062941176375,0.0005588688915062823,0.14300000000000002,3.250835225087088e-07
108835813,false_positive,4.76516,0.8042398154089441,3.960920184591056,0.8312250133449991,2229.287164902875,0.00011026966248477887,0.25,1.03297993299281e-07
93963408,false_positive,2.39672202661878,2.398074008068553,0.0013519814497731097,0.0005640960590162567,2229.9089007886373,0.00044054061153336974,0.09,2.485436532879929e-07
317951248,false_positive,3.4438,3.4443094418861357,0.0005094418861357752,0.0001479301603274799,2203.029822227142,0.0013092210307263565,0.09,1.5826950696116778e-06
142918609,false_positive,14.5378,14.530904500838723,0.0068954991612777405,0.00047431517569905627,2236.2742905804985,0.004613235488992,0.17,7.4594351623553654e-06
182943944,false_positive,1.10422,1.103589344093523,0.0006306559064770401,0.0005711324794669903,2230.0182939590723,0.0021287387690723026,0.09,1.5786247480128107e-05
291555748,false_positive,4.95912,4.95134632710253,0.0077736728974704405,0.0015675508754517818,2201.973637400561,0.004550680140384153,0.063,1.749411262664941e-05
140706664,false_positive,3.28892,13.690592273447718,10.40167227344772,3.162640706811877,2266.3711113543163,0.0025983858916095704,0.037,2.4162774710631805e-07
143994283,false_positive,1.90879,1.4389574916708443,0.4698325083291557,0.24614153905309422,2229.779842934335,0.0005737465373531767,0.01,1.2641985535996237e-07
447283466,false_positive,1.01606,1.014763419295053,0.0012965807049469813,0.0012760867517144473,1544.4949166436531,0.00019185706993492382,0.14300000000000002,2.8653806486963722e-08
370745311,false_positive,0.62627,0.6261850168131862,8.49831868138251e-05,0.00013569736186281494,2281.8987025106953,0.0008953686008029026,0.037,1.8001323850308953e-06
384549882,false_positive,0.30412,0.6079589744704579,0.3038389744704579,0.9990759386770284,2256.132002371432,0.0007396498848060969,0.037,3.72838332250221e-07
253990973,false_positive,0.540933,0.5408699115676202,6.308843237978756e-05,0.00011662892147417067,1657.5008835503784,0.00035824276294424184,0.063,3.6229450661412984e-07
426077080,false_positive,9.30992,2.1565757558945955,7.153344244105405,0.7683572194074069,2361.8174078747115,0.00038017977872547535,0.01,1.8336971910652353e-08
129319156,false_positive,4.73703,0.6091765133011233,4.127853486698877,0.8714011705011108,2333.9344184017577,0.00031553525326556063,0.037,2.33389472310428e-07
361034196,false_positive,2.19296,2.1943860880613313,0.0014260880613314875,0.0006503028150679846,1631.1559598190786,0.0036966816944224287,0.197,2.1920825021392153e-05
387079085,false_positive,1.1923,1.1927580939209594,0.0004580939209595236,0.00038421028345175177,2334.6856663764265,0.0006547471254598604,0.037,2.026525999206368e-07
382331352,false_positive,11.47606,1.49872581454656,9.97733418545344,0.8694041496344076,2335.2002894900534,0.000662651047427954,0.01,6.372676105638435e-08
375225453,false_positive,0.920952632017001,3.018573711035372,2.0976210790183707,2.277664459706597,2284.404019272111,0.0007473230044450085,0.01,7.314946407144148e-08
295599256,false_positive,7.14386,7.138699543821657,0.0051604561783431535,0.000722362445280724,4077.359250506674,0.007622574160923339,0.063,1.583783633950691e-05
446549905,false_positive,2.4545635,2.4558058066473403,0.0012423066473403743,0.0005061212094697792,2037.5229000997865,0.0009434041798765127,0.09,9.596827167276188e-07
369864738,false_positive,2.78186,3.1877275275263397,0.4058675275263397,0.1458978983580553,2036.3632905866752,0.0005220063643399495,0.01,2.103178413223349e-08
290348382,false_positive,6.4410082,10.944795267184444,4.503787067184445,0.6992363504807283,1657.562206305622,0.04046819526975983,0.25,10519.340640941029
90919952,false_positive,4.13812,4.1430387233707044,0.004918723370704647,0.001188637200154816,1656.0132541239532,0.004727194767502168,0.14300000000000002,1531.4913516053957
425721385,false_positive,13.5499,0.9613574063612071,12.588542593638792,0.9290505903098025,2036.6936167264264,0.00036569004020305004,0.01,3.195717387107428e-08
91576611,false_positive,4.43651,4.434973191788551,0.0015368082114495252,0.00034640025863787643,1659.078178593163,0.0016557181802947423,0.117,6.286886875072254e-07
69997672,false_positive,1.80709,1.811387929361166,0.00429792936116602,0.0023783703972497326,2392.167098718639,0.00033206279054140235,0.117,1.021575438450489e-07
110428269,false_positive,0.64971,0.6491005855612412,0.0006094144387588374,0.0009379791580225599,1683.5764069304564,0.000728608884537364,0.14300000000000002,8.155944394685928e-07
350995812,false_positive,2.97164,0.7259187579400577,2.2457212420599424,0.7557177996190462,2391.2412960909564,0.006501495509923915,0.25,7.337309440556478e-05
161450762,false_positive,1.32003,0.5806709584584653,0.7393590415415348,0.5601077562945802,2797.4884033702656,0.0007861861435823015,0.25,1.3059103597180332e-05
147576037,false_positive,13.0727479,13.048787897937023,0.023960002062976216,0.0018328206316115235,2394.6142038620023,0.0026921212954518904,0.09,1.2326938562901541e-06
48188920,false_positive,0.73774,0.7378193090092864,7.930900928643236e-05,0.0001075026557953105,2770.524695295542,0.0005692413395993091,0.037,3.364594460332897e-07
232967666,false_positive,15.196,9.827528854168015,5.368471145831984,0.3532818600837052,1871.50767858096,0.0008031406053308938,0.09,2.0793498832871006e-07
15247229,false_positive,8.5112,8.521448681557763,0.01024868155776204,0.0012041406097567956,2427.764698044363,0.0029924659541870255,0.09,2.346126914780117e-06
24364065,false_positive,4.05135,4.046669317968871,0.004680682031128924,0.0011553388453549864,2391.585588998891,0.0006697617104390397,0.09,4.3777895037263234e-07
308034948,false_positive,0.831542,0.6402938776472958,0.19124812235270416,0.2299921379229241,1571.5605482464427,0.00022708968968927212,0.25,1.5195337351652618e-07
90504905,false_positive,2.26453861145203,2.2697335521853783,0.005194940733348474,0.002294039371674683,1685.577814662932,0.010456015738436958,0.09,0.0003869363432648796
233684822,false_positive,4.6756655,4.671398474078238,0.004267025921762091,0.0009126029057814531,1685.5118688967161,0.0005706160303325562,0.09,1.969144816387414e-07
274762761,false_positive,1.03324411383409,1.0330525102517563,0.00019160358233372143,0.00018543883267114125,1683.9448760393911,0.014865975235334509,0.09,0.001228453376384097
237200747,false_positive,14.3034613,14.30607685004965,0.0026155500496489736,0.0001828613364828675,1687.050808107704,0.031252804025471315,0.117,0.0007845382773755169
267561446,false_positive,1.283251,1.2843361565378162,0.0010851565378162675,0.0008456307751299377,1711.814846258598,0.0014081470049016882,0.09,1.985363150510368e-05
274662200,false_positive,1.22843879165983,1.2296356741731043,0.0011968825132742111,0.0009743118838318505,1712.354299155489,0.0009961297811756531,0.063,1.9705864433536022e-06
408203470,false_positive,0.581321957121083,0.5798224500512469,0.001499507069836148,0.0025794777772755227,1683.526732172487,0.00207046418748984,0.197,0.00011349951636164853
229536616,false_positive,3.93034,3.9293136459356655,0.0010263540643347113,0.00026113620305996714,2421.932737688529,0.005267085659390388,0.14300000000000002,6.0760683064835455e-05
185405474,false_positive,1.56029,1.1284201615118745,0.43186983848812543,0.27678818584245585,1683.5671811661687,0.003155016985584066,0.25,4.970003775740832e-05
277014266,false_positive,1.3797091,1.3795421137209198,0.00016698627908007246,0.00012103006284445937,2420.0793626699383,0.0007588649176423352,0.09,1.9579837615194044e-06
287190564,false_positive,1.49861,1.4990030063188515,0.0003930063188515298,0.0002622472283326081,2392.103199668301,0.0013756928698058237,0.117,5.903695106434523e-06
294179389,false_positive,2.6796,2.6818253201543083,0.002225320154308097,0.0008304672915017527,2797.417993332075,0.00534172686771381,0.117,4.2262446163217445e-05
405904232,false_positive,11.0765063,11.052254111989376,0.024252188010624565,0.0021895160219088726,2430.3655004237226,0.003234798146522401,0.17,5.124833098037481e-06
15565627,false_positive,3.80509,0.5108530765332356,3.294236923466764,0.8657448111521052,1683.6971300913524,0.00011847868528250876,0.197,1.1453114600523355e-07
195199644,false_positive,1.19888,0.5992998216362675,0.5995801783637325,0.5001169244325808,2797.150498353397,0.0001799904497238985,0.063,8.320619968448909e-08
330332501,false_positive,4.0157492,0.5756842653754579,3.440064934624542,0.8566433717087069,2797.268268891716,9.815563649316348e-05,0.25,1.4176095846037535e-07
345996087,false_positive,2.01976,0.6758220764347909,1.3439379235652094,0.6653948605602692,3367.961592601783,0.0002430615470588227,0.25,6.18832149695274e-07
387664866,false_positive,2.65646,2.6575049737201066,0.00104497372010659,0.00039337077166853255,3369.413174782235,0.0007956753526501568,0.09,2.987363191297774e-07
387664868,false_positive,2.65688,2.6575049737201066,0.0006249737201065031,0.0002352284333904817,3369.413174782235,0.0007956753526501568,0.09,2.987363191297774e-07
42123111,false_positive,4.03349,0.5151189692005775,3.518371030799422,0.872289513746017,2420.1032630257655,0.00016625416096366016,0.197,1.967400459107253e-07
92783821,false_positive,3.8615978,3.864367014265844,0.002769214265843978,0.0007171161807280856,2422.7514952249726,0.0013128410730239906,0.063,7.469936417530149e-07
229770036,false_positive,2.14056,0.535664586155185,1.6048954138448148,0.749754930412983,1683.4121580278888,0.0001596384895091062,0.117,3.0176277328899173e-07
330468175,false_positive,0.70902,0.7090053271719234,1.467282807654513e-05,2.0694519303468353e-05,2797.305611338712,0.0004642288951921056,0.14300000000000002,1.1889962975503738e-06
230017325,false_positive,9.6926509,9.695389285222053,0.0027383852220523863,0.00028252180443766794,2398.868475280946,0.0010012761675524194,0.117,3.77687475765428e-07
136971594,false_positive,1.25562,0.6273226634797772,0.6282973365202228,0.5003881242097313,2797.518484547374,0.0001535991698839064,0.09,4.826078809436654e-08
155005217,false_positive,7.6047417,7.606199960238984,0.0014582602389836552,0.00019175670871025838,2829.1757495217807,0.0012691893671329287,0.223,1.8104564212160434e-06
164150539,false_positive,6.1600888,3.080824947937992,3.0792638520620077,0.49987328949900983,2825.895002056434,0.00041947102497314,0.037,1.1582507574558569e-07
240613164,false_positive,1.99143,3.4121096159049524,1.4206796159049524,0.7133967128671118,1714.250841603035,0.13175736139689198,0.01,21158.029387622813
329864959,false_positive,4.52318,4.5199717461259254,0.0032082538740745292,0.0007092916651724073,1739.9733932284348,0.0168599522244627,0.17,6.9331390474111e-05
343442463,false_positive,0.78381,0.7843735495579265,0.0005635495579264793,0.0007189874560499091,3395.7742558236696,0.0003749446256944827,0.09,1.389507197938082e-07
416987878,false_positive,2.86876,2.867487919162812,0.0012720808371877723,0.0004434253256416613,1712.7771930338392,0.0008310744581584793,0.17,7.235950311496237e-07
468472950,false_positive,0.98736,0.9861600448007928,0.0011999551992072366,0.0012153168036048013,2826.0050455836786,0.00026315642524565787,0.037,1.0459699816269429e-07
468845640,false_positive,3.99307,3.9878798867402123,0.0051901132597875765,0.0012997801841158748,3370.263822218748,0.0019320763350243202,0.14300000000000002,4.2276175616861175e-06
66783360,false_positive,1.3812787,0.6899972092838528,0.6912814907161472,0.5004648885964486,2853.6978588748625,0.0008184693435804144,0.14300000000000002,4.8831741376782496e-06
258801269,false_positive,5.48923,2.746865918197117,2.742364081802883,0.4995899391723216,2391.871568419609,0.0007781897696239217,0.09,1.3433062741681608e-06
259129875,false_positive,0.43889,0.8762984797350077,0.43740847973500774,0.9966243927521878,2390.789349849335,0.001337478080470674,0.25,2.530413136815865e-05
329277372,false_positive,2.88796748610944,0.5176428107198575,2.3703246753895826,0.8207587816657845,1738.9781247942647,0.006110706365333123,0.25,0.0007771630045210507
346418409,false_positive,2.75565318083079,2.757068160634906,0.00141497980411609,0.0005134825434344005,1740.958643565689,0.0021623778723593836,0.09,6.903988272055046e-06
418959198,false_positive,4.8962483678637,4.88749371436416,0.00875465349954041,0.0017880329676495117,1740.5628587817632,0.0007531343078856679,0.09,3.8090442791437275e-07
128501004,false_positive,0.78999,0.7898392367861199,0.00015076321388007852,0.00019084192696120018,2825.702109583804,0.0045181860832570605,0.037,3.0272251764966186e-05
2041563029,false_positive,12.80758,13.628018517466751,0.8204385174667514,0.0640588243420499,2860.1923613755453,0.017513155962799294,0.14300000000000002,0.0001164849522798635
377304435,false_positive,11.35626,11.440514545812757,0.08425454581275638,0.007419215993007942,2401.1461672160167,0.0022389908264241806,0.117,2.1794836419546293e-06
138968089,false_positive,0.64125576252515,0.6406230625227073,0.0006327000024427543,0.000986657803980264,1683.3851356503662,0.0009386253021873768,0.037,2.715164779544784e-06
17005768,false_positive,6.84249829503256,6.859906176726989,0.017407881694428973,0.0025440827229824157,1765.236767641633,0.004982804550853382,0.09,1.033094767834038e-05
427654774,false_positive,5.222621,5.2086843389351225,0.013936661064877676,0.0026685185589529997,1765.0652526132556,0.015440732450063272,0.117,0.0009113675888015739
